{
    "duration_reference_audios_sec": [
        2.0515208333333335,
        4.103041666666667,
        8.041708333333334,
        11.980375,
        19.568520833333334,
        27.156666666666666,
        31.567958333333333,
        35.97925,
        42.30191666666667,
        48.624583333333334,
        138.32608333333334,
        294.18445833333345,
        388.77318750000023,
        472.0093750000004,
        543.1223541666668,
        627.1677916666669,
        702.6189791666668,
        771.9447916666671,
        865.5202500000004,
        942.3363750000005
    ],
    "avg_similarity": [
        0.653971791267395,
        0.6531603336334229,
        0.6548171043395996,
        0.6465393304824829,
        0.6520528793334961,
        0.6412774920463562,
        0.6503937840461731,
        0.6443078517913818,
        0.6418561935424805,
        0.642509400844574,
        0.6515948176383972,
        0.6376453638076782,
        0.6545550227165222,
        0.6382904648780823,
        0.6607052683830261,
        0.6739547252655029,
        0.6533685922622681,
        0.6365795135498047,
        0.6623637676239014,
        0.6387453675270081
    ],
    "std_similarity": [
        0.06829743832349777,
        0.07269241660833359,
        0.06443768739700317,
        0.06478492170572281,
        0.06456484645605087,
        0.06289923191070557,
        0.066164031624794,
        0.07515155524015427,
        0.06559058278799057,
        0.06637384742498398,
        0.06399308890104294,
        0.0725812092423439,
        0.06729769706726074,
        0.06918169558048248,
        0.06774099916219711,
        0.05952282249927521,
        0.06466476619243622,
        0.06650833040475845,
        0.06446711719036102,
        0.0677071064710617
    ]
}