{
    "duration_reference_audios_sec": [
        9.65501133786848,
        11.554557823129251,
        21.221179138321993,
        26.359909297052152,
        34.47079365079365,
        40.155192743764175,
        48.544716553287984,
        50.328163265306124,
        57.88176870748299,
        66.70086167800453,
        172.91124716553287,
        333.60879818594094,
        498.1144217687073,
        662.3530158730158,
        814.528843537415,
        971.2557823129249,
        1131.1986848072556,
        1288.6570521541944,
        1448.7624943310648,
        1621.4299319727882
    ],
    "avg_similarity": [
        0.7514042258262634,
        0.7716838717460632,
        0.783173680305481,
        0.7739713788032532,
        0.7802116870880127,
        0.7828078269958496,
        0.760513961315155,
        0.7768335342407227,
        0.7990514636039734,
        0.7766444683074951,
        0.7785660624504089,
        0.7695737481117249,
        0.7930842041969299,
        0.7816570401191711,
        0.7817647457122803,
        0.7850793600082397,
        0.7831491827964783,
        0.7903839945793152,
        0.8056601285934448,
        0.7968446016311646
    ],
    "std_similarity": [
        0.03745518997311592,
        0.03447369858622551,
        0.029574574902653694,
        0.03314169868826866,
        0.035426583141088486,
        0.026646416634321213,
        0.039834972470998764,
        0.030863696709275246,
        0.029492298141121864,
        0.02765571139752865,
        0.028173673897981644,
        0.04484741389751434,
        0.030162174254655838,
        0.02923915535211563,
        0.03979289531707764,
        0.02709433063864708,
        0.028631940484046936,
        0.04048214107751846,
        0.03005077876150608,
        0.03065922111272812
    ]
}